<?xml version="1.0" encoding="UTF-8" standalone="yes"?>
<manifest>
  <control namespace="emvb9" constructor="PopUpOppener" version="0.0.5" display-name-key="PopUpOppener" description-key="PopUpOppener description" control-type="standard" api-version="1.3.5">
    <external-service-usage enabled="false"/>
    <property name="sampleProperty" display-name-key="Property_Display_Key" description-key="Property_Desc_Key" of-type="SingleLine.Text" usage="bound" required="true"/>
    <property name="Link" display-name-key="WebResource Link" description-key="WebResource Link desc" of-type="SingleLine.Text" usage="input" required="true"/>
    <property name="Text" display-name-key="Button Text" description-key="Button Text desc" of-type="SingleLine.Text" usage="input" required="true"/>
    <property name="Color" display-name-key="Button Color" description-key="Button Color desc" of-type="SingleLine.Text" usage="input" required="false"/>
    <property name="ButtonWidth" display-name-key="Button Width" description-key="Button Width desc" of-type="SingleLine.Text" usage="input" required="false"/>
    <property name="ButtonHeight" display-name-key="Button Height" description-key="Button Height desc" of-type="SingleLine.Text" usage="input" required="false"/>
    <property name="PopUpWidth" display-name-key="PopUp Width" description-key="PopUp Width desc" of-type="SingleLine.Text" usage="input" required="true"/>
    <property name="PopUpHeight" display-name-key="PopUp Height" description-key="PopUp Height desc" of-type="SingleLine.Text" usage="input" required="true"/>
    <resources>
      <code path="bundle.js" order="1"/>
      <css path="css/bootstrap.min.css" order="2"/>
      <css path="css/style.css" order="1"/>
    </resources>
    <built-by name="pac" version="1.25.5"/>
  </control>
</manifest>